Word,Compound,Pronunciation,Syllables,Frequency
AARHUS,['AARHUS'],"['AA', 'HH UW S']",['AARHUS'],596188
ABRAMOWICZ,['ABRAMOWICZ'],"['AH', 'B R AA', 'M AH', 'V IH CH']","['A', 'BRA', 'MOWICZ']",21572
ACHMED,['ACHMED'],"['AA', 'HH M EH D']",['ACHMED'],30101
ACKNOWLEDGE,['ACKNOWLEDGE'],"['AE', 'K N AA', 'L IH JH']","['A', 'CKNOWLEDGE']",6546612
ACKNOWLEDGED,['ACKNOWLEDGED'],"['AE', 'K N AA', 'L IH JH D']","['A', 'CKNOWLEDGED']",5979804
ACKNOWLEDGEMENT,['ACKNOWLEDGEMENT'],"['AE', 'K N AA', 'L IH', 'JH M AH N T']","['A', 'CKNOWLEDGEMENT']",2823891
ACKNOWLEDGEMENTS,['ACKNOWLEDGEMENTS'],"['AE', 'K N AA', 'L IH', 'JH M AH N T S']","['A', 'CKNOWLEDGEMENTS']",2605073
ACKNOWLEDGES,['ACKNOWLEDGES'],"['AE', 'K N AA', 'L IH', 'JH IH Z']","['A', 'CKNOWLEDGES']",2321868
ACKNOWLEDGING,['ACKNOWLEDGING'],"['AE', 'K N AA', 'L IH', 'JH IH NG']","['A', 'CKNOWLEDGING']",1387381
ACKNOWLEDGMENT,['ACKNOWLEDGMENT'],"['AE', 'K N AA', 'L IH', 'JH M AH N T']","['A', 'CKNOWLEDGMENT']",1541230
ACKNOWLEDGMENTS,['ACKNOWLEDGMENTS'],"['AE', 'K N AA', 'L IH', 'JH M AH N T S']","['A', 'CKNOWLEDGMENTS']",1609662
ADAMOWICZ,['ADAMOWICZ'],"['AH', 'D AA', 'M AH', 'V IH CH']","['A', 'DA', 'MOWICZ']",16492
AEROSPATIALE,['AEROSPATIALE'],"['EH R', 'OW S', 'P AA', 'S IY', 'AA L']","['AER', 'OS', 'PATIAL', 'E']",74375
AHASUERUS,['AHASUERUS'],"['AH', 'HH AE', 'SH AH', 'W EH R', 'AH S']","['A', 'HA', 'SUER', 'US']",43824
AHLEN,['AHLEN'],"['AH', 'L EY N']",['AHLEN'],21224
AHLUWALIA,['AHLUWALIA'],"['AH', 'L UW', 'AA', 'L Y AH']","['AHLUWA', 'L', 'IA']",86698
AHUMADA,['AHUMADA'],"['AA', 'Y UW', 'M AA', 'D AH']","['AH', 'UMADA']",25061
AHWAHNEE,['AHWAHNEE'],"['AH', 'W AA', 'N IY']",['AHWAHNEE'],69753
AIDA,['AIDA'],"['AY', 'IY', 'D AH']","['AI', 'DA']",901449
AISA,['AISA'],"['AY', 'IY', 'S AH']","['AI', 'SA']",102102
AJA,['AJA'],"['AY', 'AH']",['AJA'],438600
AMPHORAE,['AMPHORAE'],"['AE M', 'F ER', 'IY']","['AM', 'PHORAE']",15373
ANHEUSER,['ANHEUSER'],"['AE N', 'HH AY', 'Z ER']","['AN', 'HEUSER']",308666
ANNIHILATION,['ANNIHILATION'],"['AH', 'N AY', 'AH', 'L EY', 'SH AH N']","['A', 'NNIHILATI', 'ON']",756291
ANNUALIZED,['ANNUALIZED'],"['AE', 'N Y UW', 'W AH', 'L AY Z D']","['A', 'NNU', 'ALIZED']",609526
ANTINOMY,['ANTINOMY'],"['AE', 'T IH', 'N OW', 'M IY']",['ANTINOMY'],15624
ARANTXA,['ARANTXA'],"['AA R', 'AE', 'T S AA']","['AR', 'ANTXA']",20502
ARMOIRE,['ARMOIRE'],"['AA', 'M W AA R']",['ARMOIRE'],815525
ARMOIRES,['ARMOIRES'],"['AA', 'M W AA R Z']",['ARMOIRES'],447153
ARRHYTHMIA,['ARRHYTHMIA'],"['ER', 'IH', 'DH M IY', 'AH']","['ARRHY', 'THMI', 'A']",496374
ARRHYTHMIAS,['ARRHYTHMIAS'],"['ER', 'IH', 'DH M IY', 'AH Z']","['ARRHY', 'THMI', 'AS']",398596
ASHEBORO,['ASHEBORO'],"['AE SH', 'B AO R', 'OW']",['ASHEBORO'],209358
ASTILBE,['ASTILBE'],"['AH S', 'T IH', 'B IY']","['AS', 'TILBE']",46070
AYESHA,['AYESHA'],"['AY', 'S AA']",['AYESHA'],174386
BAJA,['BAJA'],"['B AA', 'HH AA']",['BAJA'],2236983
BERNARDINO,['BERNARDINO'],"['B ER', 'N AH', 'D IY', 'N OW']","['BER', 'NARDINO']",2135797
BERTHIAUME,['BERTHIAUME'],"['B ER', 'TH IY', 'UW', 'M IY']","['BER', 'THIAU', 'ME']",32162
BIEDERMANN,['BIEDERMANN'],"['B AY', 'D ER', 'M AH N']",['BIEDERMANN'],41545
BLANCMANGE,['BLANCMANGE'],"['B L AH', 'M AA N JH']",['BLANCMANGE'],25137
BOEHLER,['BOEHLER'],"['B OW', 'L ER']",['BOEHLER'],17048
BOEHLERT,['BOEHLERT'],"['B OW', 'L ER T']",['BOEHLERT'],151060
BOEHMER,['BOEHMER'],"['B OW', 'M ER']",['BOEHMER'],48960
BOEHNER,['BOEHNER'],"['B OW', 'N ER']",['BOEHNER'],178975
BOHLEN,['BOHLEN'],"['B OW', 'L AH N']",['BOHLEN'],54517
BOHLER,['BOHLER'],"['B OW', 'L ER']",['BOHLER'],20304
BOHLIN,['BOHLIN'],"['B OW', 'L IH N']",['BOHLIN'],52104
BOHLING,['BOHLING'],"['B OW', 'L IH NG']",['BOHLING'],17764
BOHLINGER,['BOHLINGER'],"['B OW', 'L IH', 'NG ER']",['BOHLINGER'],16258
BOHMAN,['BOHMAN'],"['B OW', 'M AH N']",['BOHMAN'],38196
BOHMER,['BOHMER'],"['B OW', 'M ER']",['BOHMER'],23926
BOHNEN,['BOHNEN'],"['B OW', 'N AH N']",['BOHNEN'],13797
BOHNER,['BOHNER'],"['B OW', 'N ER']",['BOHNER'],25135
BOHNERT,['BOHNERT'],"['B OW', 'N ER T']",['BOHNERT'],21537
BOHNET,['BOHNET'],"['B AA', 'N IH T']",['BOHNET'],24992
BOISCLAIR,['BOISCLAIR'],"['B W AA', 'K L EH R']",['BOISCLAIR'],21278
BOISVERT,['BOISVERT'],"['B W AA', 'V ER T']",['BOISVERT'],90042
BOLOGNESE,['BOLOGNESE'],"['B OW', 'L OW', 'NG EH', 'Z IY']","['BO', 'LOGNESE']",134989
BOLOGNESI,['BOLOGNESI'],"['B AA', 'L AA', 'NG EH', 'S IY']","['BO', 'LOGNESI']",23028
BONECRUSHER,['BONECRUSHER'],"['B OW N', 'K R AH', 'SH ER']",['BONECRUSHER'],133205
BOOHER,['BOOHER'],"['B UW', 'ER']",['BOOHER'],71328
BOUWMAN,['BOUWMAN'],"['B AW', 'M AH N']",['BOUWMAN'],31119
BOUYER,['BOUYER'],"['B OY', 'ER']",['BOUYER'],64498
BROBDINGNAGIAN,['BROBDINGNAGIAN'],"['B R AO', 'B D IH', 'G N AE', 'G IY', 'AH N']","['BRO', 'BDINGNA', 'GIAN']",27829
BRUECKNER,['BRUECKNER'],"['B R UH', 'K N ER']",['BRUECKNER'],56227
BRUYETTE,['BRUYETTE'],"['B R UW', 'EH T']",['BRUYETTE'],17777
BUEHLER,['BUEHLER'],"['B Y UW', 'L ER']",['BUEHLER'],193114
BUEHNER,['BUEHNER'],"['B Y UW', 'N ER']",['BUEHNER'],25852
BUHLER,['BUHLER'],"['B UW', 'L ER']",['BUHLER'],142595
CABALLERO,['CABALLERO'],"['K AE', 'B AH', 'Y EH R', 'OW']","['CA', 'BALLERO']",631541
CADIEUX,['CADIEUX'],"['K AE', 'D IY', 'OW']","['CA', 'DIEUX']",28515
CAILLEBOTTE,['CAILLEBOTTE'],"['K AY', 'B AO T']",['CAILLEBOTTE'],25510
CALENDULA,['CALENDULA'],"['K AH', 'L EH', 'JH AH', 'L AH']","['CA', 'LENDULA']",275326
CALLAGHAN,['CALLAGHAN'],"['K AE', 'L AH', 'HH AE N']","['CA', 'LLAGHAN']",433880
CAOUETTE,['CAOUETTE'],"['K AE', 'W EH T']",['CAOUETTE'],28345
CASTILLO,['CASTILLO'],"['K AE S', 'T IY', 'OW']","['CAS', 'TILLO']",1130206
CEJKA,['CEJKA'],"['CH EY', 'K AH']",['CEJKA'],30812
CHALFANT,['CHALFANT'],"['CH AE', 'F AH N T']",['CHALFANT'],48888
CIESLEWICZ,['CIESLEWICZ'],"['CH EH', 'S L IH', 'V IH CH']","['CIE', 'SLEWICZ']",16418
CIRRHOSIS,['CIRRHOSIS'],"['S ER', 'OW', 'S AH S']","['CIRRHO', 'SIS']",755655
COJUANGCO,['COJUANGCO'],"['K OW', 'W AA NG', 'K OW']",['COJUANGCO'],17066
COLEBROOK,['COLEBROOK'],"['K OW L', 'B R UH K']",['COLEBROOK'],152035
COLONEL,['COLONEL'],"['K ER', 'N AH L']",['COLONEL'],4118477
COLONELS,['COLONELS'],"['K ER', 'N AH L Z']",['COLONELS'],294554
COMPTROLLER,['COMPTROLLER'],"['K AH M', 'T R OW', 'L ER']",['COMPTROLLER'],1912122
COMPUSA,['COMPUSA'],"['K AA M', 'P Y UW', 'EH', 'S EY']","['COM', 'PUSA']",1275328
CORSA,['CORSA'],"['K AO', 'S AH']",['CORSA'],644119
COUGHENOUR,['COUGHENOUR'],"['K AO', 'F EH', 'N ER']","['COUGH', 'ENOUR']",17085
CRUICKSHANK,['CRUICKSHANK'],"['K R UH', 'K SH AE NG K']",['CRUICKSHANK'],133438
CUAUHTEMOC,['CUAUHTEMOC'],"['K Y UW', 'AW', 'T AH', 'M AA K']","['CU', 'AUHTEMOC']",27406
CURITIBA,['CURITIBA'],"['K Y UH', 'IH', 'T IY', 'B AH']","['CURI', 'TI', 'BA']",293510
CZAJA,['CZAJA'],"['CH AY', 'AH']",['CZAJA'],26734
CZAJKOWSKI,['CZAJKOWSKI'],"['CH AY', 'K AO F S', 'K IY']","['CZAJKOWS', 'KI']",30478
CZERWINSKI,['CZERWINSKI'],"['CH ER', 'V IH N S', 'K IY']",['CZERWINSKI'],41461
DAIQUIRI,['DAIQUIRI'],"['D AE', 'K ER', 'IY']",['DAIQUIRI'],108132
DARFUR,['DARFUR'],"['D AA', 'F UW R']",['DARFUR'],1714226
DAUGHERTY,['DAUGHERTY'],"['D AA', 'K ER', 'T IY']","['DAUGH', 'ERTY']",362606
DEBTOR,['DEBTOR'],"['D EH', 'T ER']",['DEBTOR'],2887944
DEBTORS,['DEBTORS'],"['D EH', 'T ER Z']",['DEBTORS'],1281454
DESCARTES,['DESCARTES'],"['D EY', 'K AA R T']",['DESCARTES'],663524
DEVEREUX,['DEVEREUX'],"['D EH', 'V ER', 'UW']","['DE', 'VEREUX']",239288
DIAPERING,['DIAPERING'],"['D AY', 'P ER', 'IH NG']",['DIAPERING'],274800
DIARRHEA,['DIARRHEA'],"['D AY', 'ER', 'IY', 'AH']","['DI', 'ARRHE', 'A']",2191254
DIARRHOEA,['DIARRHOEA'],"['D AY', 'ER', 'IY', 'AH']","['DI', 'ARRHOE', 'A']",592800
DIEHARDS,['DIEHARDS'],"['D AY', 'HH AA R D Z']",['DIEHARDS'],56265
DISEMBODIED,['DISEMBODIED'],"['D IH', 'S IH', 'B AA', 'D IY D']","['DI', 'SEMBODIED']",177779
DLOUHY,['DLOUHY'],"['D AH', 'L AW', 'IY']","['D', 'LOUHY']",19342
DODDINGTON,['DODDINGTON'],"['D AA', 'D IH N', 'T AH N']","['DO', 'DDINGTON']",33960
DOHERTY,['DOHERTY'],"['D OW', 'ER', 'T IY']","['DOHER', 'TY']",1596634
DOHNANYI,['DOHNANYI'],"['D OW', 'N AA', 'N Y IY']",['DOHNANYI'],30916
DONAGHUE,['DONAGHUE'],"['D AA', 'N AH', 'HH UW']","['DO', 'NAGHUE']",17577
DONOGHUE,['DONOGHUE'],"['D AA', 'N AH', 'HH Y UW']","['DO', 'NOGHUE']",220689
DORNIN,['DORNIN'],"['D AO', 'N IH N']",['DORNIN'],17292
DOUBTED,['DOUBTED'],"['D AW', 'T IH D']",['DOUBTED'],615926
DOUBTER,['DOUBTER'],"['D AW', 'T ER']",['DOUBTER'],34280
DOUBTFUL,['DOUBTFUL'],"['D AW', 'T F AH L']",['DOUBTFUL'],1595099
DOUBTING,['DOUBTING'],"['D AW', 'T IH NG']",['DOUBTING'],392467
DOUBTLESS,['DOUBTLESS'],"['D AW', 'T L AH S']",['DOUBTLESS'],795425
DUHAIME,['DUHAIME'],"['D UW', 'AY M']",['DUHAIME'],19442
EDELWEISS,['EDELWEISS'],"['EY', 'D AH L', 'V AY S']","['E', 'DELWEISS']",333787
EDINBURGH,['EDINBURGH'],"['EH', 'D AH N', 'B ER', 'OW']","['E', 'DIN', 'BURGH']",14135031
EVACUATING,['EVACUATING'],"['IH', 'V AE', 'K Y AH', 'W EY', 'T IH NG']","['E', 'VA', 'CU', 'ATING']",173327
EVANDRO,['EVANDRO'],"['EH', 'V AA', 'D R OW']","['E', 'VANDRO']",20194
FAULKNER,['FAULKNER'],"['F AO', 'K N ER']",['FAULKNER'],1359931
FIREBAUGH,['FIREBAUGH'],"['F AY R', 'B AO']",['FIREBAUGH'],127082
FIREBOMBED,['FIREBOMBED'],"['F AY R', 'B AA M D']",['FIREBOMBED'],21916
FOREBODING,['FOREBODING'],"['F AO R', 'B OW', 'D IH NG']",['FOREBODING'],178962
FORECASTED,['FORECASTED'],"['F AO R', 'K AE S', 'T IH D']",['FORECASTED'],508717
FORECASTER,['FORECASTER'],"['F AO R', 'K AE S', 'T ER']",['FORECASTER'],664080
FORECASTING,['FORECASTING'],"['F AO R', 'K AE S', 'T IH NG']",['FORECASTING'],3438703
FORECASTS,['FORECASTS'],"['F AO R', 'K AE S T S']",['FORECASTS'],8432832
FORECLOSES,['FORECLOSES'],"['F AO R', 'K L OW', 'Z IH Z']",['FORECLOSES'],28857
FORECLOSURE,['FORECLOSURE'],"['F AO R', 'K L OW', 'ZH ER']",['FORECLOSURE'],3741402
FORECLOSURES,['FORECLOSURES'],"['F AO R', 'K L OW', 'ZH ER Z']",['FORECLOSURES'],3783227
FOREFATHERS,['FOREFATHERS'],"['F AO R', 'F AA', 'DH ER Z']",['FOREFATHERS'],349435
FORESHADOWED,['FORESHADOWED'],"['F AO R', 'SH AE', 'D OW D']",['FORESHADOWED'],124641
FORESHADOWING,['FORESHADOWING'],"['F AO R', 'SH AE', 'D OW', 'IH NG']",['FORESHADOWING'],148918
FORESHADOWS,['FORESHADOWS'],"['F AO R', 'SH AE', 'D OW Z']",['FORESHADOWS'],52318
FORESIGHT,['FORESIGHT'],"['F AO R', 'S AY T']",['FORESIGHT'],1130887
FORESMAN,['FORESMAN'],"['F AO R', 'S M AH N']",['FORESMAN'],103979
FOREWARN,['FOREWARN'],"['F AO R', 'W AO R N']",['FOREWARN'],25726
FOREWARNED,['FOREWARNED'],"['F AO R', 'W AO R N D']",['FOREWARNED'],196505
FORGINGS,['FORGINGS'],"['F AO', 'JH IH NG Z']",['FORGINGS'],193186
FRIEDBERG,['FRIEDBERG'],"['F R AY', 'D B ER G']",['FRIEDBERG'],122977
FRIEDER,['FRIEDER'],"['F R AY', 'D ER']",['FRIEDER'],47636
FROHLICH,['FROHLICH'],"['F R OW', 'L IH K']",['FROHLICH'],45467
FROHMAN,['FROHMAN'],"['F R OW', 'M AH N']",['FROHMAN'],25594
FROHNMAYER,['FROHNMAYER'],"['F R AO', 'N M AY', 'ER']",['FROHNMAYER'],12862
GAETANO,['GAETANO'],"['G AY', 'T AA', 'N OW']",['GAETANO'],266963
GAJDA,['GAJDA'],"['G AY', 'D AH']",['GAJDA'],50324
GAWKER,['GAWKER'],"['G AA', 'K ER']",['GAWKER'],708746
GAWKERS,['GAWKERS'],"['G AA', 'K ER Z']",['GAWKERS'],15096
GAWRONSKI,['GAWRONSKI'],"['G AA', 'V R AA N S', 'K IY']",['GAWRONSKI'],13757
GEJDENSON,['GEJDENSON'],"['G EY', 'D AH N', 'S AH N']",['GEJDENSON'],34163
GENRE,['GENRE'],"['ZH AA', 'N R AH']",['GENRE'],22344091
GEOFFREY,['GEOFFREY'],"['JH EH', 'F R IY']",['GEOFFREY'],3133782
GERAGHTY,['GERAGHTY'],"['JH EH R', 'AH', 'T IY']","['GER', 'AGHTY']",137448
GLASGOW,['GLASGOW'],"['G L AE S', 'K OW']",['GLASGOW'],12596942
GOEHNER,['GOEHNER'],"['G OW', 'N ER']",['GOEHNER'],14572
GONORRHEA,['GONORRHEA'],"['G AA', 'N ER', 'IY', 'AH']","['GO', 'NORRHE', 'A']",401459
GORHAM,['GORHAM'],"['G AO R', 'AH M']",['GORHAM'],872173
GROSVENOR,['GROSVENOR'],"['G R OW', 'V N ER']",['GROSVENOR'],694374
GRUENER,['GRUENER'],"['G R UH', 'N ER']",['GRUENER'],22187
GRUENWALD,['GRUENWALD'],"['G R UH', 'N W AO L D']",['GRUENWALD'],42166
GRUNEBAUM,['GRUNEBAUM'],"['G R UW N', 'B AW M']",['GRUNEBAUM'],14440
GUADALAJARA,['GUADALAJARA'],"['G W AA', 'D AH', 'L AH', 'HH AA R', 'AH']","['GUA', 'DA', 'LAJARA']",986559
GULBUDDIN,['GULBUDDIN'],"['G AH', 'B UW', 'D IH N']",['GULBUDDIN'],16237
HAJDUK,['HAJDUK'],"['HH AY', 'D AH K']",['HAJDUK'],45971
HALVING,['HALVING'],"['HH AE', 'V IH NG']",['HALVING'],141515
HANDKERCHIEF,['HANDKERCHIEF'],"['HH AE NG', 'K ER', 'CH IH F']",['HANDKERCHIEF'],534356
HANDKERCHIEFS,['HANDKERCHIEFS'],"['HH AE NG', 'K ER', 'CH AH F S']",['HANDKERCHIEFS'],217052
HBOX,['HBOX'],"['EY CH', 'B AO K S']",['HBOX'],1462700
HEMORRHAGIC,['HEMORRHAGIC'],"['HH EH', 'M ER', 'AE', 'G IH K']","['HE', 'MORRHA', 'GIC']",407574
HEMORRHOID,['HEMORRHOID'],"['HH EH', 'M ER', 'OY D']","['HE', 'MORRHOID']",118875
HEMORRHOIDS,['HEMORRHOIDS'],"['HH EH', 'M ER', 'OY D Z']","['HE', 'MORRHOIDS']",445079
HERMIONE,['HERMIONE'],"['HH ER', 'M AY', 'N IY']","['HER', 'MIONE']",954477
HIAA,['HIAA'],"['EY', 'CH AY', 'EY', 'EY']",['HIAA'],45151
HODGEPODGE,['HODGEPODGE'],"['HH AA JH', 'P AA JH']",['HODGEPODGE'],125466
HOHEISEL,['HOHEISEL'],"['HH OW', 'AY', 'S AH L']","['HOHEI', 'SEL']",13289
HOREHOUND,['HOREHOUND'],"['HH AA R', 'HH AW N D']",['HOREHOUND'],79893
HUEBER,['HUEBER'],"['HH UH', 'B ER']",['HUEBER'],17911
HUEBERT,['HUEBERT'],"['HH UH', 'B ER T']",['HUEBERT'],15034
HUETHER,['HUETHER'],"['HH UH', 'DH ER']",['HUETHER'],17012
HUGHIE,['HUGHIE'],"['HH Y UW', 'IY']",['HUGHIE'],64730
HUGHLEY,['HUGHLEY'],"['HH Y UW', 'L IY']",['HUGHLEY'],44718
IMBROGLIO,['IMBROGLIO'],"['IH M', 'B R OW', 'L Y OW']","['IM', 'BROGLIO']",102311
INDEBTEDNESS,['INDEBTEDNESS'],"['IH N', 'D EH', 'T IH', 'D N IH S']","['IN', 'DEBTE', 'DNESS']",1103434
INDEFEASIBLE,['INDEFEASIBLE'],"['IH', 'D AH', 'F IY', 'Z AH', 'B AH L']","['INDEFE', 'ASIBLE']",22695
INDICA,['INDICA'],"['IH', 'D AH', 'K AH']",['INDICA'],517858
INTAGLIO,['INTAGLIO'],"['IH N', 'T AE', 'L Y OW']","['IN', 'TAGLIO']",130837
INTERPOLATE,['INTERPOLATE'],"['IH', 'T ER', 'P AH', 'L EY T']","['INTERPOLA', 'TE']",210104
INTERPOLATED,['INTERPOLATED'],"['IH', 'T ER', 'P AH', 'L EY', 'T IH D']","['INTERPOLA', 'TED']",454705
INTERPOLATION,['INTERPOLATION'],"['IH', 'T ER', 'P AH', 'L EY', 'SH AH N']","['INTERPOLA', 'TION']",1365967
INTERPOLATIONS,['INTERPOLATIONS'],"['IH', 'T ER', 'P AH', 'L EY', 'SH AH N Z']","['INTERPOLA', 'TIONS']",54631
INTRAUTERINE,['INTRAUTERINE'],"['IH N', 'T R AA', 'Y UW', 'T ER', 'IH N']","['IN', 'TRA', 'UTERINE']",275830
IRREGARDLESS,['IRREGARDLESS'],"['IH R', 'AH', 'G AA', 'D L AH S']","['IRR', 'E', 'GARDLESS']",64569
ISLA,['ISLA'],"['IY', 'L AH']",['ISLA'],1291309
JAKUBOWICZ,['JAKUBOWICZ'],"['Y AH', 'K AH', 'B AH', 'V IH CH']","['JA', 'KU', 'BOWICZ']",14949
JEOPARDIZE,['JEOPARDIZE'],"['JH EH', 'P ER', 'D AY Z']","['JEOPA', 'RDIZE']",599413
JEOPARDIZED,['JEOPARDIZED'],"['JH EH', 'P ER', 'D AY Z D']","['JEOPA', 'RDIZED']",205117
JEOPARDIZES,['JEOPARDIZES'],"['JH EH', 'P ER', 'D AY', 'Z IH Z']","['JEOPA', 'RDIZES']",91630
JEOPARDIZING,['JEOPARDIZING'],"['JH EH', 'P ER', 'D AY', 'Z IH NG']","['JEOPA', 'RDIZING']",197056
JEOPARDY,['JEOPARDY'],"['JH EH', 'P ER', 'D IY']","['JEOPA', 'RDY']",1498553
JOHNATHAN,['JOHNATHAN'],"['JH AA', 'N AH', 'TH AH N']","['JOHNATHA', 'N']",336223
JOHNATHON,['JOHNATHON'],"['JH AA', 'N AH', 'TH AH N']","['JOHNATHO', 'N']",61272
JOHNNY,['JOHNNY'],"['JH AA', 'N IY']",['JOHNNY'],13404833
JOHNY,['JOHNY'],"['JH AA', 'N IY']",['JOHNY'],165138
JOHSON,['JOHSON'],"['JH AA', 'S AH N']",['JOHSON'],19501
JOJOBA,['JOJOBA'],"['HH OW', 'HH OW', 'B AH']",['JOJOBA'],251541
JOLLA,['JOLLA'],"['HH OY', 'Y AH']",['JOLLA'],1942048
JORGE,['JORGE'],"['HH AO R', 'HH EY']",['JORGE'],2471105
KAOHSIUNG,['KAOHSIUNG'],"['K EY', 'OW', 'S IY', 'AH NG']","['KA', 'OHSIUNG']",302321
KARAOKE,['KARAOKE'],"['K EH R', 'IY', 'OW', 'K IY']","['KARAO', 'KE']",7568648
KARWOWSKI,['KARWOWSKI'],"['K ER', 'V AO F S', 'K IY']",['KARWOWSKI'],16284
KASPROWICZ,['KASPROWICZ'],"['K AA S', 'P R AH', 'V IH CH']","['KAS', 'PROWICZ']",32611
KAUAI,['KAUAI'],"['K AW', 'AY']",['KAUAI'],2544183
KEYNESIANS,['KEYNESIANS'],"['K EY N', 'Z IY', 'AH N Z']","['KEYNESIAN', 'S']",20376
KIA,['KIA'],"['K IY', 'ER']",['KIA'],4534357
KLECZKA,['KLECZKA'],"['K L EH K S', 'K AH']",['KLECZKA'],26924
KLUEVER,['KLUEVER'],"['K L UH', 'V ER']",['KLUEVER'],18393
KNIN,['KNIN'],"['K EY', 'EH', 'N AY', 'EH N']","['KNI', 'N']",21986
KNOWLEDGEABLE,['KNOWLEDGEABLE'],"['N AA', 'L AH', 'JH AH', 'B AH L']",['KNOWLEDGEABLE'],3203632
KNOWLEDGEABLY,['KNOWLEDGEABLY'],"['N AA', 'L IH', 'JH AH', 'B L IY']",['KNOWLEDGEABLY'],43259
KOEHLER,['KOEHLER'],"['K OW', 'L ER']",['KOEHLER'],431392
KOENIG,['KOENIG'],"['K ER', 'N IH G']",['KOENIG'],700400
KOENIGS,['KOENIGS'],"['K ER', 'N IH G Z']",['KOENIGS'],17254
KOHLENBERG,['KOHLENBERG'],"['K OW', 'L AH N', 'B ER G']",['KOHLENBERG'],12881
KOHLER,['KOHLER'],"['K OW', 'L ER']",['KOHLER'],1420344
KOHLI,['KOHLI'],"['K OW', 'L IY']",['KOHLI'],103164
KOHLRABI,['KOHLRABI'],"['K AO', 'L R AA', 'B IY']",['KOHLRABI'],46721
KOHNEN,['KOHNEN'],"['K OW', 'N AH N']",['KOHNEN'],16410
KOHNER,['KOHNER'],"['K OW', 'N ER']",['KOHNER'],13759
KONINKLIJKE,['KONINKLIJKE'],"['K AA', 'N IH NG', 'K L IY', 'K IY']","['KO', 'NIN', 'KLIJKE']",142786
KOWALCHUK,['KOWALCHUK'],"['K AW', 'AA L', 'HH AH K']","['KOW', 'ALCHUK']",15502
KRAWCZYK,['KRAWCZYK'],"['K R AA V', 'CH IH K']",['KRAWCZYK'],85288
KUEHNER,['KUEHNER'],"['K UH', 'N ER']",['KUEHNER'],13996
KUHAR,['KUHAR'],"['K UW', 'ER']",['KUHAR'],14136
KUHNERT,['KUHNERT'],"['K UW', 'N ER T']",['KUHNERT'],20409
KUHNLE,['KUHNLE'],"['K AH', 'N AH L']",['KUHNLE'],12942
KULWICKI,['KULWICKI'],"['K AH L', 'V IH T S', 'K IY']",['KULWICKI'],21542
LACHOWICZ,['LACHOWICZ'],"['L AA', 'HH AH', 'V IH CH']",['LACHOWICZ'],34307
LAGNIAPPE,['LAGNIAPPE'],"['L AE', 'NG AA P']",['LAGNIAPPE'],83065
LAMOUREUX,['LAMOUREUX'],"['L AA', 'M UH R', 'OW']","['LA', 'MOUREUX']",79005
LAWRENZ,['LAWRENZ'],"['L AA', 'V R IH N Z']",['LAWRENZ'],20333
LEHMAN,['LEHMAN'],"['L IY', 'M AH N']",['LEHMAN'],1418186
LEHTONEN,['LEHTONEN'],"['L IH', 'T AA', 'N AH N']",['LEHTONEN'],68840
LEONETTI,['LEONETTI'],"['L EH', 'N EH', 'T IY']",['LEONETTI'],37833
LEPRECHAUN,['LEPRECHAUN'],"['L EH', 'P ER', 'K AO N']","['LE', 'PRECHAUN']",317062
LEPRECHAUNS,['LEPRECHAUNS'],"['L EH', 'P ER', 'K AO N Z']","['LE', 'PRECHAUNS']",81861
LINEBACKER,['LINEBACKER'],"['L AY N', 'B AE', 'K ER']",['LINEBACKER'],620538
LINEBACKERS,['LINEBACKERS'],"['L AY N', 'B AE', 'K ER Z']",['LINEBACKERS'],171227
LOHMAN,['LOHMAN'],"['L OW', 'M AH N']",['LOHMAN'],178924
LOHMANN,['LOHMANN'],"['L OW', 'M AH N']",['LOHMANN'],149861
LOHMEYER,['LOHMEYER'],"['L OW', 'M AY', 'ER']",['LOHMEYER'],30677
LOHNER,['LOHNER'],"['L OW', 'N ER']",['LOHNER'],35023
LUEBBERT,['LUEBBERT'],"['L UH', 'B ER T']",['LUEBBERT'],13236
LUEDERS,['LUEDERS'],"['L UH', 'D ER Z']",['LUEDERS'],43535
LUEDTKE,['LUEDTKE'],"['L UH', 'D K IY']",['LUEDTKE'],30752
LUETKEMEYER,['LUETKEMEYER'],"['L UH', 'T K IH', 'M AY', 'ER']",['LUETKEMEYER'],13621
LUHMAN,['LUHMAN'],"['L AH', 'M AH N']",['LUHMAN'],13406
LUHMANN,['LUHMANN'],"['L AH', 'M AH N']",['LUHMANN'],52581
LUSTGARTEN,['LUSTGARTEN'],"['L AH S', 'T G AA R', 'D AH N']","['LUS', 'TGARTEN']",16362
MACEWEN,['MACEWEN'],"['M AH', 'K Y UW', 'AA N']","['MA', 'CEWEN']",27696
MACGOWAN,['MACGOWAN'],"['M AH', 'G AW', 'AH N']",['MACGOWAN'],77097
MACGRAW,['MACGRAW'],"['M AH', 'G R AA']",['MACGRAW'],46934
MACGREGOR,['MACGREGOR'],"['M AH', 'G R EH', 'G ER']","['MACGRE', 'GOR']",850546
MACGYVER,['MACGYVER'],"['M AH', 'G AY', 'V ER']",['MACGYVER'],248107
MACIVER,['MACIVER'],"['M IY', 'K IH', 'V ER']",['MACIVER'],46530
MACMURRAY,"['MAC', 'MURRAY']","['M AE K', 'M ER', 'IY']","['MAC', 'MURRAY']",88620
MAHLON,['MAHLON'],"['M EY', 'L AO N']",['MAHLON'],87730
MAJKA,['MAJKA'],"['M AY', 'K AH']",['MAJKA'],16280
MALCHOW,['MALCHOW'],"['M AA L', 'HH AW']",['MALCHOW'],21171
MANDALA,['MANDALA'],"['M AA', 'D AH', 'L AH']","['MANDAL', 'A']",403237
MANISCHEWITZ,['MANISCHEWITZ'],"['M AE', 'N IH', 'SH EH', 'V IH T S']","['MA', 'NI', 'SCHEWITZ']",13896
MAQUILADORAS,['MAQUILADORAS'],"['M AE', 'K IY', 'Y AH', 'D AO R', 'AH S']","['MA', 'QUILADORAS']",50618
MARIJUANA,['MARIJUANA'],"['M EH R', 'AH', 'W AA', 'N AH']","['MAR', 'IJU', 'ANA']",5711213
MATEJKA,['MATEJKA'],"['M AH', 'T EY', 'K AH']","['MA', 'TEJKA']",13694
MAYEUX,['MAYEUX'],"['M EY', 'OW']",['MAYEUX'],17064
MCALEXANDER,['MCALEXANDER'],"['M AH', 'K AE', 'L IH', 'G Z AE N', 'D ER']","['MCALE', 'XANDER']",17546
MCCARRICK,['MCCARRICK'],"['M AH', 'K AE R', 'IH K']","['MCCARRI', 'CK']",57118
MCCLINTIC,['MCCLINTIC'],"['M AH', 'K L IH N', 'T IH K']","['MCCLINTI', 'C']",20002
MCCLINTOCK,['MCCLINTOCK'],"['M AH', 'K L IH N', 'T AH K']","['MCCLINTO', 'CK']",548249
MCCONKEY,['MCCONKEY'],"['M AH', 'K AA NG', 'K IY']","['MCCON', 'KEY']",70619
MCCORMAC,['MCCORMAC'],"['M AH', 'K AO R', 'M AH K']","['MCCORMA', 'C']",30235
MCCORMACK,['MCCORMACK'],"['M AH', 'K AO R', 'M AH K']","['MCCORMA', 'CK']",790546
MCCORMICK,['MCCORMICK'],"['M AH', 'K AO R', 'M IH K']","['MCCORMI', 'CK']",1777843
MCCRACKEN,['MCCRACKEN'],"['M AH', 'K R AE', 'K AH N']","['MCCRA', 'CKEN']",566208
MCCRACKIN,['MCCRACKIN'],"['M AH', 'K R AE', 'K AH N']","['MCCRA', 'CKIN']",15299
MCCULLOCH,['MCCULLOCH'],"['M AH', 'K AH', 'L AH K']","['MCCULLO', 'CH']",601580
MCEACHIN,['MCEACHIN'],"['M AH', 'K IY', 'CH AH N']","['MCEA', 'CHIN']",17400
MCGAHA,['MCGAHA'],"['M AH', 'G AA', 'HH AH']",['MCGAHA'],22615
MCGAHAN,['MCGAHAN'],"['M AH', 'G AE', 'HH AH N']",['MCGAHAN'],27545
MCGAHEE,['MCGAHEE'],"['M AH', 'G AE', 'HH IY']",['MCGAHEE'],61573
MCGAHEY,['MCGAHEY'],"['M AH', 'G AE', 'HH IY']",['MCGAHEY'],16437
MCGANN,['MCGANN'],"['M AH', 'G AE N']",['MCGANN'],136361
MCGARITY,['MCGARITY'],"['M AH', 'G AE R', 'AH', 'T IY']",['MCGARITY'],18297
MCGARR,['MCGARR'],"['M AH', 'G AA R']",['MCGARR'],16770
MCGARRAH,['MCGARRAH'],"['M AH', 'G AE R', 'AH']",['MCGARRAH'],13377
MCGARRIGLE,['MCGARRIGLE'],"['M AH', 'G AE R', 'AH', 'G AH L']","['MCGARRI', 'GLE']",37501
MCGARRITY,['MCGARRITY'],"['M AH', 'G AE R', 'AH', 'T IY']",['MCGARRITY'],29789
MCGARRY,['MCGARRY'],"['M AH', 'G EH R', 'IY']",['MCGARRY'],217742
MCGARVEY,['MCGARVEY'],"['M AH', 'G AA R', 'V EY']",['MCGARVEY'],78514
MCGARY,['MCGARY'],"['M AH', 'G EH R', 'IY']",['MCGARY'],40332
MCGAUGHEY,['MCGAUGHEY'],"['M AH', 'G AO', 'IY']","['MCGAU', 'GHEY']",42695
MCGAVIN,['MCGAVIN'],"['M AH', 'G AE', 'V AH N']",['MCGAVIN'],64380
MCGAVOCK,['MCGAVOCK'],"['M AH', 'G AE', 'V AH K']",['MCGAVOCK'],20025
MCGAW,['MCGAW'],"['M AH', 'G AO']",['MCGAW'],79394
MCGEEHAN,['MCGEEHAN'],"['M AH', 'G IY', 'HH AH N']","['MCGE', 'EHAN']",21461
MCGEGAN,['MCGEGAN'],"['M AH', 'G EH', 'G AH N']","['MCGE', 'GAN']",12975
MCGEHEE,['MCGEHEE'],"['M AH', 'G EH', 'HH IY']","['MCGEHE', 'E']",194540
MCGETTIGAN,['MCGETTIGAN'],"['M AH', 'G EH', 'T AH', 'G AH N']","['MCGETTI', 'GAN']",19216
MCGIBBON,['MCGIBBON'],"['M AH', 'G IH', 'B AH N']",['MCGIBBON'],30872
MCGILL,['MCGILL'],"['M AH', 'G IH L']",['MCGILL'],1951131
MCGILLICUDDY,['MCGILLICUDDY'],"['M AH', 'G IH', 'L AH', 'K AH', 'D IY']",['MCGILLICUDDY'],34862
MCGILLIS,['MCGILLIS'],"['M AH', 'G IH', 'L AH S']",['MCGILLIS'],59490
MCGILLIVRAY,['MCGILLIVRAY'],"['M AH', 'G IH', 'L AH', 'V R EY']","['MCGILLIVRA', 'Y']",63316
MCGILVRAY,['MCGILVRAY'],"['M AH', 'G IH L', 'V R IY']","['MCGILVRA', 'Y']",21590
MCGINLEY,['MCGINLEY'],"['M AH', 'G IH', 'N L IY']","['MCGINLE', 'Y']",221685
MCGINN,['MCGINN'],"['M AH', 'G IH N']",['MCGINN'],147640
MCGINNESS,['MCGINNESS'],"['M AH', 'G IH', 'N AH S']",['MCGINNESS'],33854
MCGINNIS,['MCGINNIS'],"['M AH', 'G IH', 'N AH S']",['MCGINNIS'],382421
MCGINNISS,['MCGINNISS'],"['M AH', 'G IH', 'N AH S']",['MCGINNISS'],13236
MCGINNITY,['MCGINNITY'],"['M AH', 'G IH', 'N AH', 'T IY']",['MCGINNITY'],15414
MCGINTY,['MCGINTY'],"['M AH', 'G IH N', 'T IY']",['MCGINTY'],174650
MCGIVERN,['MCGIVERN'],"['M AH', 'G IH', 'V ER N']",['MCGIVERN'],50606
MCGIVNEY,['MCGIVNEY'],"['M AH', 'G IH', 'V N IY']","['MCGIVNE', 'Y']",41221
MCGLADE,['MCGLADE'],"['M AH', 'G L EY D']",['MCGLADE'],21715
MCGLASHAN,['MCGLASHAN'],"['M AH', 'G L AE', 'SH AH N']",['MCGLASHAN'],38543
MCGLAUGHLIN,['MCGLAUGHLIN'],"['M AH', 'G L AO', 'F L AH N']","['MCGLAU', 'GHLIN']",16853
MCGLINCHEY,['MCGLINCHEY'],"['M AH', 'G L IH N', 'CH IY']",['MCGLINCHEY'],46264
MCGLINN,['MCGLINN'],"['M AH', 'G L IH N']",['MCGLINN'],15396
MCGLOIN,['MCGLOIN'],"['M AH', 'G L OY N']",['MCGLOIN'],16022
MCGLONE,['MCGLONE'],"['M AH', 'G L OW N']",['MCGLONE'],48848
MCGLOTHIN,['MCGLOTHIN'],"['M AH', 'G L AA', 'TH AH N']",['MCGLOTHIN'],15207
MCGLOTHLIN,['MCGLOTHLIN'],"['M AH', 'G L AA', 'TH L AH N']",['MCGLOTHLIN'],28975
MCGLYNN,['MCGLYNN'],"['M AH', 'G L IH N']",['MCGLYNN'],119887
MCGOLDRICK,['MCGOLDRICK'],"['M AH', 'G OW L', 'D R AH K']",['MCGOLDRICK'],95219
MCGONAGLE,['MCGONAGLE'],"['M AH', 'G AA', 'N AH', 'G AH L']","['MCGONA', 'GLE']",31972
MCGONIGAL,['MCGONIGAL'],"['M AH', 'G AA', 'N AH', 'G AH L']","['MCGONI', 'GAL']",29477
MCGONIGLE,['MCGONIGLE'],"['M AH', 'G AA', 'N AH', 'G AH L']","['MCGONI', 'GLE']",34600
MCGOVERN,['MCGOVERN'],"['M AH', 'G AH', 'V ER N']",['MCGOVERN'],704934
MCGOWAN,['MCGOWAN'],"['M AH', 'G AW', 'AH N']",['MCGOWAN'],833569
MCGOWEN,['MCGOWEN'],"['M AH', 'G AW', 'AH N']",['MCGOWEN'],43659
MCGOWN,['MCGOWN'],"['M AH', 'G AW N']",['MCGOWN'],28671
MCGRADY,['MCGRADY'],"['M AH', 'G R EY', 'D IY']",['MCGRADY'],272829
MCGRAIL,['MCGRAIL'],"['M AH', 'G R EY L']",['MCGRAIL'],45797
MCGRANAHAN,['MCGRANAHAN'],"['M AH', 'G R AE', 'N AH', 'HH AE N']",['MCGRANAHAN'],13851
MCGRANE,['MCGRANE'],"['M AH', 'G R EY N']",['MCGRANE'],45284
MCGRATH,['MCGRATH'],"['M AH', 'G R AE TH']",['MCGRATH'],1534261
MCGRAW,['MCGRAW'],"['M AH', 'G R AO']",['MCGRAW'],4354997
MCGREAL,['MCGREAL'],"['M AH', 'G R IY L']",['MCGREAL'],68868
MCGREEVEY,['MCGREEVEY'],"['M AH', 'G R IY', 'V IY']",['MCGREEVEY'],149849
MCGREEVY,['MCGREEVY'],"['M AH', 'G R IY', 'V IY']",['MCGREEVY'],51143
MCGREGOR,['MCGREGOR'],"['M AH', 'G R EH', 'G ER']","['MCGRE', 'GOR']",1718606
MCGREW,['MCGREW'],"['M AH', 'G R UW']",['MCGREW'],150776
MCGRIFF,['MCGRIFF'],"['M AH', 'G R IH F']",['MCGRIFF'],92579
MCGROARTY,['MCGROARTY'],"['M AH', 'G R AO R', 'T IY']","['MCGROA', 'RTY']",22725
MCGRORY,['MCGRORY'],"['M AH', 'G R AO R', 'IY']","['MCGRO', 'RY']",45919
MCGRUDER,['MCGRUDER'],"['M AH', 'G R UW', 'D ER']","['MCGRUDE', 'R']",60038
MCGUANE,['MCGUANE'],"['M AH', 'G W EY N']",['MCGUANE'],16386
MCGUCKIN,['MCGUCKIN'],"['M AH', 'G AH', 'K AH N']",['MCGUCKIN'],32888
MCGUFFEY,['MCGUFFEY'],"['M AH', 'G AH', 'F IY']","['MCGUFFE', 'Y']",79815
MCGUFFIN,['MCGUFFIN'],"['M AH', 'G AH', 'F AH N']",['MCGUFFIN'],64747
MCGUIGAN,['MCGUIGAN'],"['M AH', 'G IH', 'G AH N']","['MCGUI', 'GAN']",112486
MCGUINESS,['MCGUINESS'],"['M AH', 'G IH', 'N AH S']","['MCGU', 'INESS']",45679
MCGUINNESS,['MCGUINNESS'],"['M AH', 'G IH', 'N AH S']","['MCGU', 'INNESS']",257894
MCGUIRE,['MCGUIRE'],"['M AH', 'G W AY R']",['MCGUIRE'],1627195
MCGWIRE,['MCGWIRE'],"['M AH', 'G W AY', 'AH R']",['MCGWIRE'],189668
MCISAAC,['MCISAAC'],"['M AH', 'K AY', 'Z AH K']","['MCISAA', 'C']",55116
MCKECHNIE,['MCKECHNIE'],"['M AH', 'K EH', 'K N IY']","['MCKE', 'CHNIE']",79791
MCKENDRICK,['MCKENDRICK'],"['M AH', 'K EH N', 'D R IH K']","['MCKENDRI', 'CK']",260767
MCKEOWN,['MCKEOWN'],"['M AH', 'K Y UW', 'AH N']","['M', 'CKEOWN']",293706
MCKERCHER,['MCKERCHER'],"['M AH', 'K ER', 'CH ER']","['MCKER', 'CHER']",13171
MCKISSACK,['MCKISSACK'],"['M AH', 'K IH', 'S AH K']","['MCKISSA', 'CK']",77265
MCKISSICK,['MCKISSICK'],"['M AH', 'K IH', 'S IH K']","['MCKISSI', 'CK']",36083
MCKITRICK,['MCKITRICK'],"['M AH', 'K IH', 'T R IH K']","['MCKITRI', 'CK']",31393
MCKITTRICK,['MCKITTRICK'],"['M AH', 'K IH', 'T R IH K']","['MCKITTRI', 'CK']",50273
MCLACHLAN,['MCLACHLAN'],"['M AH', 'K L AA', 'K L AH N']","['MCLA', 'CHLAN']",702933
MCLUCAS,['MCLUCAS'],"['M AH', 'K L UW', 'K AH Z']","['MCLU', 'CAS']",24946
MCMEEKIN,['MCMEEKIN'],"['M AH', 'K M IY', 'K AH N']","['MCMEE', 'KIN']",30745
MCMICHAEL,['MCMICHAEL'],"['M AH', 'K M AY', 'K AH L']","['MCMI', 'CHAEL']",166492
MCNICHOL,['MCNICHOL'],"['M AH', 'K N IH', 'K AH L']","['MCNI', 'CHOL']",46002
MCNICHOLS,['MCNICHOLS'],"['M AH', 'K N IH', 'K AH L Z']","['MCNI', 'CHOLS']",54615
MCNICKLE,['MCNICKLE'],"['M AH', 'K N IH', 'K AH L']","['MCNI', 'CKLE']",28491
MCNICOL,['MCNICOL'],"['M AH', 'K N IH', 'K AO L']","['MCNI', 'COL']",34870
MELCHIZEDEK,['MELCHIZEDEK'],"['M EH', 'K IY', 'Z EH', 'D EH K']","['MELCHIZEDE', 'K']",112212
MENACHEM,['MENACHEM'],"['M AH', 'N AA', 'HH AH M']","['ME', 'NACHEM']",162732
MESDAMES,['MESDAMES'],"['M EY', 'D AE M Z']",['MESDAMES'],19890
MESENCHYMAL,['MESENCHYMAL'],"['M EH', 'Z EH', 'K AY', 'M AH L']","['ME', 'SENCHYMAL']",151908
MICHALEK,['MICHALEK'],"['M IH', 'HH AA', 'L EH K']",['MICHALEK'],43523
MINESWEEPERS,['MINESWEEPERS'],"['M AY N', 'S W IY', 'P ER Z']",['MINESWEEPERS'],42991
MOHLER,['MOHLER'],"['M OW', 'L ER']",['MOHLER'],174639
MOHNEY,['MOHNEY'],"['M AA', 'N IY']",['MOHNEY'],22315
MOJAVE,['MOJAVE'],"['M OW', 'HH AA', 'V IY']",['MOJAVE'],675722
MOLESWORTH,['MOLESWORTH'],"['M OW L', 'Z W ER TH']",['MOLESWORTH'],124378
MONAGHAN,['MONAGHAN'],"['M AA', 'N AH', 'HH AE N']","['MO', 'NAGHAN']",892708
MONTSERRAT,['MONTSERRAT'],"['M AA N', 'S ER', 'AA T']",['MONTSERRAT'],3446859
MORTGAGES,['MORTGAGES'],"['M AO R', 'G AH', 'JH AH Z']","['MORTGA', 'GES']",16715270
MORTGAGING,['MORTGAGING'],"['M AO R', 'G IH', 'JH IH NG']","['MORTGA', 'GING']",63902
MOSZKOWSKI,['MOSZKOWSKI'],"['M AA S', 'K AW S', 'K IY']","['MOSZKOWS', 'KI']",18556
MULTNOMAH,['MULTNOMAH'],"['M AH L', 'N OW', 'M AH']",['MULTNOMAH'],491986
MURAI,['MURAI'],"['M Y ER', 'AY']",['MURAI'],56420
MURRAY,['MURRAY'],"['M ER', 'IY']",['MURRAY'],11607168
NATCHITOCHES,['NATCHITOCHES'],"['N AE', 'K AH', 'T AO SH']",['NATCHITOCHES'],282220
NATUREDLY,['NATUREDLY'],"['N EY', 'CH ER', 'D L IY']","['NA', 'TUREDLY']",46511
NAVAJO,['NAVAJO'],"['N AA', 'V AH', 'HH OW']","['NA', 'VAJO']",1662201
NAVAJOS,['NAVAJOS'],"['N AA', 'V AH', 'HH OW Z']","['NA', 'VAJOS']",52788
NAWROCKI,['NAWROCKI'],"['N AA', 'V R OW T S', 'K IY']",['NAWROCKI'],37499
NEHEMIAH,['NEHEMIAH'],"['N IY', 'AH', 'M AY', 'AH']","['NEHEMI', 'AH']",1167564
NICHOLA,['NICHOLA'],"['N IH', 'HH OW', 'L AH']",['NICHOLA'],62270
NIEDERMAN,['NIEDERMAN'],"['N AY', 'D ER', 'M AH N']",['NIEDERMAN'],13629
NOSEBLEED,['NOSEBLEED'],"['N OW Z', 'B L IY D']",['NOSEBLEED'],178227
NOSEDIVE,['NOSEDIVE'],"['N OW Z', 'D AY V']",['NOSEDIVE'],56019
OEHLER,['OEHLER'],"['OW', 'L ER']",['OEHLER'],36905
OESTERREICH,['OESTERREICH'],"['OW S', 'T ER', 'AY K']","['OES', 'TERREICH']",112121
OESTERREICHISCHE,['OESTERREICHISCHE'],"['OW S', 'T ER', 'AY', 'K IH', 'SH IY']","['OES', 'TERREI', 'CHI', 'SCHE']",25007
OHBA,['OHBA'],"['OW', 'B AH']",['OHBA'],32120
OHLENDORF,['OHLENDORF'],"['OW', 'L IH N', 'D AO R F']",['OHLENDORF'],15323
OHLER,['OHLER'],"['OW', 'L ER']",['OHLER'],21964
OHLIN,['OHLIN'],"['OW', 'L IH N']",['OHLIN'],43524
OHMAE,['OHMAE'],"['OW', 'M EY']",['OHMAE'],22178
OHMAN,['OHMAN'],"['OW', 'M AH N']",['OHMAN'],55997
OLAJUWON,['OLAJUWON'],"['AH', 'L AY', 'JH UW', 'AA N']","['O', 'LAJUWON']",42086
OLEJNICZAK,['OLEJNICZAK'],"['AH', 'L EY', 'N IH', 'CH AE K']","['O', 'LEJNICZAK']",13916
OLEJNIK,['OLEJNIK'],"['AH', 'L EY', 'N IH K']","['O', 'LEJNIK']",12929
OPHTHALMOLOGIST,['OPHTHALMOLOGIST'],"['AA', 'F TH AH', 'M AA', 'L AH', 'JH IH S T']","['O', 'PHTHALMOLOGIST']",228797
OPHTHALMOLOGISTS,['OPHTHALMOLOGISTS'],"['AA', 'F TH AH', 'M AA', 'L AH', 'JH IH S T S']","['O', 'PHTHALMOLOGISTS']",314008
OPHTHALMOLOGY,['OPHTHALMOLOGY'],"['AA', 'F TH AH', 'M AA', 'L AH', 'JH IY']","['O', 'PHTHALMOLOGY']",1761676
OPTHALMOLOGY,['OPTHALMOLOGY'],"['AA', 'F TH AH L', 'M AO', 'L AH', 'JH IY']",['OPTHALMOLOGY'],37905
ORANGEBURG,['ORANGEBURG'],"['AO R', 'IH N JH', 'B ER G']","['OR', 'ANGEBURG']",389644
ORZECHOWSKI,['ORZECHOWSKI'],"['AO R', 'Z IH', 'HH AO F S', 'K IY']","['OR', 'ZECHOWSKI']",15413
OSTERREICHISCHE,['OSTERREICHISCHE'],"['AO S', 'T ER R', 'AY', 'K IH', 'SH IY']","['OS', 'TERREI', 'CHI', 'SCHE']",46446
OXIDATIVE,['OXIDATIVE'],"['AA', 'K S AH', 'D AY', 'T IH V']","['O', 'XI', 'DATIVE']",1090078
PACZKOWSKI,['PACZKOWSKI'],"['P AH CH', 'K AO F S', 'K IY']","['PACZKOWS', 'KI']",20525
PAJAK,['PAJAK'],"['P AY', 'JH AA K']",['PAJAK'],19414
PAWLIKOWSKI,['PAWLIKOWSKI'],"['P AA', 'V L IH', 'K AO F S', 'K IY']",['PAWLIKOWSKI'],25340
PAWLOWSKI,['PAWLOWSKI'],"['P AA', 'V L AO F S', 'K IY']",['PAWLOWSKI'],70620
PAWLUK,['PAWLUK'],"['P AA', 'V L AH K']",['PAWLUK'],14289
PHYTOPLANKTON,['PHYTOPLANKTON'],"['F AY', 'T OW', 'P L AE NG', 'T AH N']","['PHY', 'TO', 'PLANKTON']",571293
PIEBALD,['PIEBALD'],"['P AY', 'B AO L D']",['PIEBALD'],99126
PLEOMORPHIC,['PLEOMORPHIC'],"['P L IY', 'AH', 'M AO', 'F IH K']","['PLE', 'O', 'MORPHIC']",52814
POEHLER,['POEHLER'],"['P OW', 'L ER']",['POEHLER'],29352
POHJOLA,['POHJOLA'],"['P OW', 'JH OW', 'L AH']",['POHJOLA'],40964
POHLAD,['POHLAD'],"['P OW', 'L AE D']",['POHLAD'],12768
POSTERIOR,['POSTERIOR'],"['P AO S', 'T IH R', 'Y ER']","['POS', 'TERIOR']",2047718
POSTERIORS,['POSTERIORS'],"['P AO S', 'T IH R', 'Y ER Z']","['POS', 'TERIORS']",26554
POTBOILER,['POTBOILER'],"['P AA', 'B OY', 'L ER']",['POTBOILER'],33638
PROCHASKA,['PROCHASKA'],"['P R AH', 'HH AA S', 'K AH']",['PROCHASKA'],61431
PROCHAZKA,['PROCHAZKA'],"['P R AH', 'HH AA Z', 'K AH']",['PROCHAZKA'],24409
PROCHNOW,['PROCHNOW'],"['P R AA', 'N AW']",['PROCHNOW'],39562
PUNCTUATING,['PUNCTUATING'],"['P AH NG', 'K CH UW', 'EY', 'D IH NG']","['PUN', 'CTU', 'ATING']",41111
PUREBREDS,['PUREBREDS'],"['P Y UH R', 'B R EH D Z']",['PUREBREDS'],18014
PUSTEJOVSKY,['PUSTEJOVSKY'],"['P AH S', 'T EY', 'AA V S', 'K IY']","['PUS', 'TEJOVSKY']",16370
PYRRHIC,['PYRRHIC'],"['P IH R', 'IH K']",['PYRRHIC'],43397
QAEDA,['QAEDA'],"['K AY', 'D AA']",['QAEDA'],4193878
QMAX,['QMAX'],"['K Y UW', 'M AE K S']",['QMAX'],31369
QUIXOTE,['QUIXOTE'],"['K IY', 'HH OW', 'T IY']",['QUIXOTE'],599715
RAPUNZEL,['RAPUNZEL'],"['R AA', 'P UH', 'Z AH L']","['RA', 'PUNZEL']",171924
RASPBERRIES,['RASPBERRIES'],"['R AE Z', 'B EH R', 'IY Z']",['RASPBERRIES'],543159
RASPBERRY,['RASPBERRY'],"['R AE Z', 'B EH R', 'IY']",['RASPBERRY'],1858023
RATAJCZAK,['RATAJCZAK'],"['R AE', 'T AH', 'CH EH K']","['RA', 'TAJCZAK']",15213
RATATOUILLE,['RATATOUILLE'],"['R AE', 'T AH', 'T UW', 'Y']","['RA', 'TA', 'TOUILLE']",56658
REDOUBTABLE,['REDOUBTABLE'],"['R AH', 'D AW', 'T AH', 'B AH L']","['RE', 'DOUBTABLE']",48637
RENTIER,['RENTIER'],"['R EH', 'T IY', 'ER']","['RENTI', 'ER']",15252
REVALUATIONS,['REVALUATIONS'],"['R IY', 'IH', 'V AE', 'L Y UW', 'EY', 'SH AH N Z']","['REVALUATI', 'ONS']",56725
RHINEHART,['RHINEHART'],"['R AY N', 'HH AA R T']",['RHINEHART'],63524
RINEHART,['RINEHART'],"['R AY N', 'HH AA R T']",['RINEHART'],393671
ROHLAND,['ROHLAND'],"['R OW', 'L AH N D']",['ROHLAND'],15776
ROHLING,['ROHLING'],"['R OW', 'L IH NG']",['ROHLING'],15886
ROHLOFF,['ROHLOFF'],"['R OW', 'L AO F']",['ROHLOFF'],46353
ROHMAN,['ROHMAN'],"['R OW', 'M AH N']",['ROHMAN'],13278
ROHMER,['ROHMER'],"['R OW', 'M ER']",['ROHMER'],77078
ROHNER,['ROHNER'],"['R OW', 'N ER']",['ROHNER'],43766
ROHWER,['ROHWER'],"['R OW', 'W ER']",['ROHWER'],39582
ROJAS,['ROJAS'],"['R OW', 'HH AA S']",['ROJAS'],438182
ROSEBORO,['ROSEBORO'],"['R OW Z', 'B ER', 'OW']",['ROSEBORO'],42739
ROSEBROUGH,['ROSEBROUGH'],"['R OW Z', 'B R AW']",['ROSEBROUGH'],23330
ROSECRANS,['ROSECRANS'],"['R OW Z', 'K R AE N Z']",['ROSECRANS'],111249
RUEGER,['RUEGER'],"['R UH', 'G ER']",['RUEGER'],25334
RUHLAND,['RUHLAND'],"['R AH', 'L AH N D']",['RUHLAND'],21234
RWANDESE,['RWANDESE'],"['R AH', 'W AA', 'D IY Z']","['R', 'WANDESE']",55839
SABOURIN,['SABOURIN'],"['S AE', 'B UH R', 'AE N']","['SA', 'BOURIN']",48374
SAKURAI,['SAKURAI'],"['S AA', 'K UW R', 'AY']","['SA', 'KURAI']",172209
SALMONS,['SALMONS'],"['S AE', 'M AH N Z']",['SALMONS'],62018
SAMURAIS,['SAMURAIS'],"['S AE', 'M ER', 'AY Z']","['SA', 'MURAIS']",29760
SAPPHIRE,['SAPPHIRE'],"['S AE', 'F AY', 'ER']",['SAPPHIRE'],5772561
SAPPHIRES,['SAPPHIRES'],"['S AE', 'F AY', 'ER Z']",['SAPPHIRES'],477377
SCARECROW,['SCARECROW'],"['S K AE R', 'K R OW']",['SCARECROW'],707651
SCARECROWS,['SCARECROWS'],"['S K AE R', 'K R OW Z']",['SCARECROWS'],138887
SCHLUETER,['SCHLUETER'],"['SH L UH', 'T ER']",['SCHLUETER'],63267
SCHMIEDER,['SCHMIEDER'],"['SH M AY', 'D ER']",['SCHMIEDER'],25689
SCHNIEDER,['SCHNIEDER'],"['SH N AY', 'D ER']",['SCHNIEDER'],23340
SCHUHMACHER,['SCHUHMACHER'],"['SH UW', 'M AA', 'K ER']",['SCHUHMACHER'],17224
SCHUHMANN,['SCHUHMANN'],"['SH UW', 'M AH N']",['SCHUHMANN'],14553
SHEWCHUK,['SHEWCHUK'],"['SH EH', 'CH AH K']",['SHEWCHUK'],30782
SHOREWARD,['SHOREWARD'],"['SH AO R', 'W ER D']",['SHOREWARD'],20354
SIMCHA,['SIMCHA'],"['S IH M', 'HH AH']",['SIMCHA'],95642
SIOBHAN,['SIOBHAN'],"['SH AW', 'B AA N']",['SIOBHAN'],296740
SKANDIA,['SKANDIA'],"['S K AE N', 'D IY', 'ER']","['SKAN', 'DIA']",191613
SLIWA,['SLIWA'],"['S L AY', 'V AH']",['SLIWA'],27392
SLIWINSKI,['SLIWINSKI'],"['S L IH', 'V IH N S', 'K IY']",['SLIWINSKI'],17138
SOHMER,['SOHMER'],"['S OW', 'M ER']",['SOHMER'],22565
SOJKA,['SOJKA'],"['S OY', 'K AH']",['SOJKA'],26839
SOLDERING,['SOLDERING'],"['S AA', 'D ER', 'IH NG']",['SOLDERING'],1419022
STEPHENS,['STEPHENS'],"['S T IY', 'V AH N Z']",['STEPHENS'],3290133
STRAIGHTFORWARDLY,['STRAIGHTFORWARDLY'],"['S T R EY', 'T F AO R', 'W ER', 'D L IY']","['STRAIGHTFORWAR', 'DLY']",117406
STRIEBER,['STRIEBER'],"['S T R AY', 'B ER']",['STRIEBER'],38566
STROHMEYER,['STROHMEYER'],"['S T R OW', 'M AY', 'ER']",['STROHMEYER'],34541
SUBPOENA,['SUBPOENA'],"['S AH', 'P IY', 'N AH']","['SUBPO', 'ENA']",1386235
SUBPOENAED,['SUBPOENAED'],"['S AH', 'P IY', 'N AH D']","['SUBPO', 'ENAED']",210257
SUBPOENAS,['SUBPOENAS'],"['S AH', 'P IY', 'N AH Z']","['SUBPO', 'ENAS']",627235
SUBTLE,['SUBTLE'],"['S AH', 'T AH L']",['SUBTLE'],5175269
SUBTLER,['SUBTLER'],"['S AH', 'T AH', 'L ER']",['SUBTLER'],108719
SUBTLETIES,['SUBTLETIES'],"['S AH', 'T AH L', 'T IY Z']","['SUBTLE', 'TIES']",291419
SUBTLETY,['SUBTLETY'],"['S AH', 'T AH L', 'T IY']","['SUBTLE', 'TY']",427517
SUBTLY,['SUBTLY'],"['S AH', 'T AH', 'L IY']",['SUBTLY'],632895
SUHLER,['SUHLER'],"['S UW', 'L ER']",['SUHLER'],19604
SWINEHART,['SWINEHART'],"['S W AY N', 'HH AA R T']",['SWINEHART'],21677
TANEJA,['TANEJA'],"['T AH', 'N EY', 'HH AH']","['TA', 'NEJA']",52828
TAWFIQ,['TAWFIQ'],"['T AA', 'F IH K']",['TAWFIQ'],22953
TAWNY,['TAWNY'],"['T AA', 'N IY']",['TAWNY'],602308
THIRTY,['THIRTY'],"['TH ER', 'D IY']",['THIRTY'],11969481
THIRTYSOMETHING,"['THIRTY', 'SOME', 'THING']","['TH ER', 'D IY', 'S AH M', 'TH IH NG']","['THIRTY', 'SOME', 'THING']",70652
TIJUANA,['TIJUANA'],"['T IH', 'W AA', 'N AH']","['TIJU', 'ANA']",966604
TILGHMAN,['TILGHMAN'],"['T IH L', 'M AH N']",['TILGHMAN'],151726
TIREDNESS,['TIREDNESS'],"['T AY', 'ER', 'D N IH S']","['TI', 'REDNESS']",399387
TORRIJOS,['TORRIJOS'],"['T AO R', 'IY', 'OW S']","['TORR', 'IJOS']",31479
TRUJILLO,['TRUJILLO'],"['T R UW', 'HH IY', 'OW']",['TRUJILLO'],463053
TUOHY,['TUOHY'],"['T UW', 'IY']",['TUOHY'],53322
UBUNTU,['UBUNTU'],"['UW', 'B UW', 'T UW']","['U', 'BUNTU']",2641656
UECKER,['UECKER'],"['UH', 'K ER']",['UECKER'],38531
UFOS,['UFOS'],"['Y UW', 'EH', 'F OW Z']",['UFOS'],785217
UHER,['UHER'],"['UW', 'ER']",['UHER'],102623
UHLAND,['UHLAND'],"['UW', 'L AH N D']",['UHLAND'],18419
UHLER,['UHLER'],"['UW', 'L ER']",['UHLER'],40644
UHLIG,['UHLIG'],"['UW', 'L IH G']",['UHLIG'],52252
UNDOUBTED,['UNDOUBTED'],"['AH N', 'D AW', 'T IH D']","['UN', 'DOUBTED']",142466
UNDOUBTEDLY,['UNDOUBTEDLY'],"['AH N', 'D AW', 'T IH', 'D L IY']","['UN', 'DOUBTEDLY']",2688694
UNPAVED,['UNPAVED'],"['AH', 'P EY V D']",['UNPAVED'],298405
UNPROFOR,['UNPROFOR'],"['AH', 'P R OW', 'F AO R']","['UNPROFO', 'R']",53207
UNSUBTLE,['UNSUBTLE'],"['AH N', 'S AH', 'T AH L']","['UN', 'SUBTLE']",26851
UNWIN,['UNWIN'],"['AO', 'N W IH N']",['UNWIN'],410820
URBANOWICZ,['URBANOWICZ'],"['ER', 'B AE', 'N AH', 'V IH CH']","['UR', 'BA', 'NOWICZ']",13153
VAJDA,['VAJDA'],"['V AY', 'D AH']",['VAJDA'],69978
VAZQUEZ,['VAZQUEZ'],"['V AE S', 'K EH Z']",['VAZQUEZ'],414416
VELAZQUEZ,['VELAZQUEZ'],"['V EH', 'L AE S', 'K EH Z']","['VE', 'LAZQUEZ']",201181
VEREINSBANK,['VEREINSBANK'],"['V ER', 'AY N Z', 'B AE NG K']",['VEREINSBANK'],31849
VOJTA,['VOJTA'],"['V OY', 'T AH']",['VOJTA'],22361
VUITTON,['VUITTON'],"['V UH', 'T AO N']",['VUITTON'],3763985
WACHOWSKI,['WACHOWSKI'],"['V AH', 'HH AO F S', 'K IY']",['WACHOWSKI'],127441
WAJDA,['WAJDA'],"['V AY', 'D AH']",['WAJDA'],47121
WEYERHAEUSER,['WEYERHAEUSER'],"['W EH R', 'HH AW', 'Z ER']","['WEYER', 'HAEUSER']",271144
WHOLEHEARTEDLY,['WHOLEHEARTEDLY'],"['HH OW L', 'HH AA R', 'T IH', 'D L IY']",['WHOLEHEARTEDLY'],449666
WILLOUGHBY,['WILLOUGHBY'],"['W IH', 'L AH', 'B IY']","['WI', 'LLOUGHBY']",766417
WISECRACKING,['WISECRACKING'],"['W AY Z', 'K R AE', 'K IH NG']",['WISECRACKING'],45533
WISECRACKS,['WISECRACKS'],"['W AY Z', 'K R AE K S']",['WISECRACKS'],44966
WOHLER,['WOHLER'],"['W OW', 'L ER']",['WOHLER'],37124
WOHLERS,['WOHLERS'],"['W OW', 'L ER Z']",['WOHLERS'],47443
WOJAHN,['WOJAHN'],"['W OW', 'HH AA N']",['WOJAHN'],15528
WOJCICKI,['WOJCICKI'],"['W OY', 'CH IH T S', 'K IY']",['WOJCICKI'],13809
WOJCIECH,['WOJCIECH'],"['W OY', 'CH EH K']",['WOJCIECH'],172453
WOJCIECHOWSKI,['WOJCIECHOWSKI'],"['W OY', 'CH IH', 'HH AO F S', 'K IY']","['WOJCIECHOW', 'SKI']",213643
WOJCIK,['WOJCIK'],"['W OY', 'CH IH K']",['WOJCIK'],73750
WOJNAR,['WOJNAR'],"['W OY', 'N ER']",['WOJNAR'],21412
WOJTOWICZ,['WOJTOWICZ'],"['W OY', 'T AH', 'V IH CH']",['WOJTOWICZ'],25968
YACHTING,['YACHTING'],"['Y AA', 'T IH NG']",['YACHTING'],1174398
YULETIDE,['YULETIDE'],"['Y UW L', 'T AY D']",['YULETIDE'],187068
ZAIRIAN,['ZAIRIAN'],"['Z AY', 'IH R', 'IY', 'AH N']","['ZAIRI', 'AN']",23936
ZAWACKI,['ZAWACKI'],"['Z AA', 'V AA T S', 'K IY']",['ZAWACKI'],15411
ZAWADZKI,['ZAWADZKI'],"['Z AA', 'V AA JH', 'K IY']",['ZAWADZKI'],36686
ZEDILLO,['ZEDILLO'],"['Z EY', 'D IY', 'OW']","['ZE', 'DILLO']",57029
